chord_suffix,intervals
major,0,4,7
minor,0,3,7
diminished,0,3,6
augmented,0,4,8
sus2,0,2,7
sus4,0,5,7
5,0,7
major6,0,4,7,9
minor6,0,3,7,9
6_9,0,4,7,9,14
add9,0,4,7,14
minor_add9,0,3,7,14
dominant7,0,4,7,10
major7,0,4,7,11
minor7,0,3,7,10
minor_major7,0,3,7,11
minor7_flat5,0,3,6,10
diminished7,0,3,6,9
augmented7,0,4,8,10
augmented_major7,0,4,8,11
7_sus4,0,5,7,10
dominant9,0,4,7,10,14
major9,0,4,7,11,14
minor9,0,3,7,10,14
dominant11,0,4,7,10,14,17
major11,0,4,7,11,14,17
minor11,0,3,7,10,14,17
dominant13,0,4,7,10,14,17,21
major13,0,4,7,11,14,17,21
minor13,0,3,7,10,14,17,21
dominant7_flat5,0,4,6,10
dominant7_sharp5,0,4,8,10
dominant7_flat9,0,4,7,10,13
dominant7_sharp9,0,4,7,10,15
dominant7_sharp11,0,4,7,10,18
dominant7_flat13,0,4,7,10,20
